Article,Price,Location,Type,Category
Appartement neuf à la vente en plein cœur de Val Fleuri_ Casablanca,1 503 500 MAD,"Val Fleuri, Casablanca",Appartement,"2 bedrooms
2 bathrooms
95 m²"
Villa de 715 m² à Casablanca,24 524 800 MAD,"Anfa Supérieur, Casablanca",Villa,"6 bedrooms
3 bathrooms
715 m²"
,,,,
,,,,
Villa 5 Chambres a Vendre sur Golf,9 900 000 MAD,"Route de Tahanaoute, Marrakech",Villa,"5 bedrooms
6 bathrooms
825 m²"
"À vendre : Appartement de luxe à La Palmeraie, Marrakech",2 600 000 MAD,"Palmeraie, Marrakech",Appartement,"3 bedrooms
2 bathrooms
125 m²"
VILLA EXCEPTION PALMERAIE PALAIS NAMASKAR,3 362 000 MAD,"Palmeraie, Marrakech",Villa,"4 bedrooms
3 bathrooms
347 m²"
Vente Villa Rabat Souissi Bir Kacem REF 3697,27 000 000 MAD,"Souissi, Rabat",Villa,"6 bedrooms
6 bathrooms
3 815 m²"
Appartement de luxe au Plaza de Marrakech,2 900 000 MAD,"Plaza, Marrakech",Appartement,"2 bedrooms
3 bathrooms
144 m²"
"Villa moderne vue mer, Ain Diab",18 800 000 MAD,"Ain Diab, Casablanca",Villa,"4 bedrooms
5 bathrooms
1 147 m²"
Vente Magnifique Villa Moderne 500m2 à Bouskoura,6 475 000 MAD,"Bouskoura, Casablanca",Villa,"4 bedrooms
4 bathrooms
500 m²"
Magnfique Duplex de 318 m2 à Maarif,4 300 000 MAD,"Racine, Casablanca",Appartement,"4 bedrooms
4 bathrooms
318 m²"
"Tamaris, jolie Villa jumelée en vente 3ch",2 960 000 MAD,"Dar Bouazza, Casablanca",Villa,"3 bedrooms
2 bathrooms
274 m²"
Villa Meublée à Vendre - Titrée et Prête à Habiter,3 850 000 MAD,"Sidi Abdellah Ghiat, Marrakech",Villa,"3 bedrooms
3 bathrooms
175 m²"
Bien d'exception à vendre à Ain Diab,11 000 000 MAD,"Ain Diab, Casablanca",Appartement,"3 bedrooms
3 bathrooms
350 m²"
Magnifique Villa Contemporaine à Targa,8 500 000 MAD,"Targa, Marrakech",Villa,"4 bedrooms
6 bathrooms
824 m²"
Villa Haut Standing Finie première ligne de golf,7 700 000 MAD,"Argan Golf Ressort, Marrakech",Villa,"6 bedrooms
7+ bathrooms
530 m²"
Magnifique villa 3 CH Rte de Tahanouate,2 900 000 MAD,"Argan Golf Ressort, Marrakech",Villa,"3 bedrooms
2 bathrooms
220 m²"
Villa Isolée Contemporaine unique Marrakech,8 500 000 MAD,"Route d'Ourika, Marrakech",Villa,"5 bedrooms
6 bathrooms
1 000 m²"
Magnifique Villa dans un domaine du Golf,11 000 000 MAD,"Amelkis, Marrakech",Villa,"7+ bedrooms
7 bathrooms
1 000 m²"
Magnifique Villa Isolée Résidence privée Marrakech,8 400 000 MAD,"Chrifia, Marrakech",Villa,"4 bedrooms
5 bathrooms
967 m²"
Appartement sans vis à vis avec terrasse,2 700 000 MAD,"Quartier des Hôpitaux, Casablanca",Appartement,"3 bedrooms
4 bathrooms
273 m²"
Villa contemporaine de Standing,9 000 000 MAD,"Chrifia, Marrakech",Villa,"4 bedrooms
5 bathrooms
440 m²"
DES APPARTEMENTS À VENDRE À TANJA BALIA (AV202323),13 000 MAD,"Tanja Balia, Tanger",Appartement,"3 bedrooms
1 bathroom
144 m²"
Vente Villa Rénovée Ville Verte Bouskoura,8 300 000 MAD,"Bouskoura, Casablanca",Villa,"3 bedrooms
3 bathrooms
430 m²"
Villa Contemporaine Isolée Front Golf,9 500 000 MAD,"Chrifia, Marrakech",Villa,"5 bedrooms
6 bathrooms
854 m²"
Villa neuve Isolée Contemporaine,6 500 000 MAD,"Chrifia, Marrakech",Villa,"4 bedrooms
5 bathrooms
500 m²"
Coquète villa récente à Bouskoura proche HYDE PARC à vendre,5 800 000 MAD,"Autre, Bouskoura",Villa,"3 bedrooms
4 bathrooms
412 m²"
Magnifique appartement à vendre,800 000 MAD,"Bir Rami, Kenitra",Appartement,"2 bedrooms
1 bathroom
80 m²"
Appartement dans une résidence fermée ensoleillé,1 300 000 MAD,"Tamaris, Casablanca",Appartement,"3 bedrooms
2 bathrooms
104 m²"
A vendre Villa Ain diab Rte Azemour,7 500 000 MAD,"Ain Diab, Casablanca",Villa,"4 bedrooms
4 bathrooms
320 m²"
,,,,
,,,,
Bel appartement à vendre à Kenitra,590 000 MAD,"kénitra centre ville, Kenitra",Appartement,"2 bedrooms
1 bathroom
59 m²"
Bel appartement 182m² proche du Bd Al Massira à vendre,2 980 000 MAD,"Boulevard Al Massira Al Khadra, Casablanca",Appartement,"3 bedrooms
3 bathrooms
206 m²"
Luxueuse Villa Contemporaine Résidence privée Marrakech,8 000 000 MAD,"Chrifia, Marrakech",Villa,"5 bedrooms
6 bathrooms
730 m²"
Belle villa avec piscine en vente à Souissi,12 500 000 MAD,"Souissi, Rabat",Villa,"5 bedrooms
5 bathrooms
550 m²"
Superbe Appartement à vendre,1 890 000 MAD,"Bir Rami, Kenitra",Appartement,"2 bedrooms
2 bathrooms
192 m²"
Superbe Appartement à vendre,750 000 MAD,"kénitra centre ville, Kenitra",Appartement,"2 bedrooms
1 bathroom
75 m²"
Superbe Appartement à vendre,700 000 MAD,"Bir Rami, Kenitra",Appartement,"2 bedrooms
1 bathroom
70 m²"
MAGNIFIQUE APPT EN VENTE -GAUTHIER-,2 950 000 MAD,"Gauthier, Casablanca",Appartement,"3 bedrooms
2 bathrooms
200 m²"
Villa d'angle piscine & beau jardin à Ain Diab à vendre,28 500 000 MAD,"Anfa Supérieur, Casablanca",Villa,"5 bedrooms
3 bathrooms
1 711 m²"
Vente magnifique villa 570m2 4chambres avec piscine à Bouskoura,7 900 000 MAD,"Bouskoura, Casablanca",Villa,"4 bedrooms
3 bathrooms
570 m²"
Appartement de 101 m² à Casablanca,2 652 000 MAD,"Ain Diab, Casablanca",Appartement,"1 bedroom
1 bathroom
101 m²"
Villa de Standing au sein d'un domaine du Golf,5 950 000 MAD,"Chrifia, Marrakech",Villa,"6 bedrooms
6 bathrooms
400 m²"
Bel appartement à vendre,900 000 MAD,"kénitra centre ville, Kenitra",Appartement,"2 bedrooms
2 bathrooms
90 m²"
Bel appartement à vendre,900 000 MAD,"Bir Rami, Kenitra",Appartement,"2 bedrooms
2 bathrooms
90 m²"
Bel appartement à vendre,1 070 000 MAD,"kénitra centre ville, Kenitra",Appartement,"2 bedrooms
2 bathrooms
109 m²"
Exclusif à skhirat plage,5 920 000 MAD,"Skhirat plage, Skhirat",Villa,"5 bedrooms
2 bathrooms
480 m²"
Bel appartement à vendre,1 070 000 MAD,"Bir Rami, Kenitra",Appartement,"2 bedrooms
2 bathrooms
109 m²"
Luxueuse Villa Contemporaine,7 200 000 MAD,"Chrifia, Marrakech",Villa,"4 bedrooms
5 bathrooms
770 m²"
Magnifique Villa meublée à Targa,9 300 000 MAD,"Targa, Marrakech",Villa,"6 bedrooms
4 bathrooms
1 100 m²"
Villa contemporaine de standing au Souissi,18 000 000 MAD,"Souissi, Rabat",Villa,"7+ bedrooms
5 bathrooms
2 000 m²"
Appartement premium avec terrasse à saisir,1 600 000 MAD,"Les Princesses, Casablanca",Appartement,"2 bedrooms
2 bathrooms
108 m²"
Maison de luxe à vendre,36 500 000 MAD,"Californie, Casablanca",Villa,"7 bedrooms
7 bathrooms
1 800 m²"
A vendre villa Jumelée 3Chbs 500 m² Ain diab,8 300 000 MAD,"Ain Diab, Casablanca",Villa,"3 bedrooms
3 bathrooms
500 m²"
Projet villas d'exception à proximité de Marrakech - Résidence privée,8 000 000 MAD,"Route d'Ourika, Marrakech",Villa,"5 bedrooms
6 bathrooms
490 m²"
Villa moderne á la vente en plein Bouskoura ville verte- résidence fermée,5 950 000 MAD,"Casa Green Town, Bouskoura",Villa,"4 bedrooms
4 bathrooms
300 m²"
villa 5 chambres a vendre neuf,4 700 000 MAD,"Sidi Abdellah Ghiat, Marrakech",Villa,"5 bedrooms
5 bathrooms
6 000 m²"
APPARTEMENT A VENDRE – GUELIZ – MARRAKECH,2 000 000 MAD,"Guéliz, Marrakech",Appartement,"2 bedrooms
2 bathrooms
145 m²"
Projet Villa Un Havre de Paix Luxueux,8 500 000 MAD,"Route d'Ourika, Marrakech",Villa,"4 bedrooms
4 bathrooms
1 330 m²"
Superbe Rez de Jardin Prestigia Jubéa Résidence Piscine,1 800 000 MAD,"Argan Golf Ressort, Marrakech",Appartement,"2 bedrooms
2 bathrooms
80 m²"
Penthouse sans vis-à-vis Gauthier à la vente,4 600 000 MAD,"Gauthier, Casablanca",Penthouse,"3 bedrooms
3 bathrooms
230 m²"
Studio premium à saisir vue sur mer,1 100 000 MAD,"Bourgogne, Casablanca",Studio,"1 bathroom
39 m²"
À vendre : Appartement d'exception de 175 m² avec vue panoramique sur l'océan,3 300 000 MAD,"Dar Bouazza, Casablanca",Appartement,"3 bedrooms
2 bathrooms
175 m²"
Duplex à vendre abouab gueliz,800 000 MAD,"Mabrouka, Marrakech",Duplex,"2 bedrooms
2 bathrooms
76 m²"
Villa Moderne de 5 chambres rt Ourika,7 000 000 MAD,"Route d'Ourika, Marrakech",Villa,"5 bedrooms
5 bathrooms
300 m²"
Nouvelle opportunité immobilière au cœur de Gueliz,1 334 000 MAD,"Guéliz, Marrakech",Appartement,"1 bedroom
1 bathroom
58 m²"
APPARTEMENT A VENDRE – GUELIZ – MARRAKECH,1 290 000 MAD,"Guéliz, Marrakech",Appartement,"2 bedrooms
1 bathroom
93 m²"
A vendre Duplex 3chb Princesse 200m²,3 400 000 MAD,"Les Princesses, Casablanca",Appartement,"3 bedrooms
3 bathrooms
200 m²"
Appartement 2 chambres sans vis à vis,2 100 000 MAD,"Racine, Casablanca",Appartement,"2 bedrooms
2 bathrooms
103 m²"
Offre Fev. 2025 - Superbe studio Anfa Place,2 450 000 MAD,"Ain Diab, Casablanca",Appartement,"1 bedroom
1 bathroom
60 m²"
"DAR BOUAZZA Belle villa moderne en vente, isolée 4 façades 4 CH",5 800 000 MAD,"Dar Bouazza, Casablanca",Villa,"4 bedrooms
3 bathrooms
403 m²"
Bel appartement ensoleillé à vendre à El Wiam El Oulfa,1 300 000 MAD,"Oulfa, Casablanca",Appartement,"2 bedrooms
2 bathrooms
116 m²"
"Joli appartement 3 chambres, Gauthier",2 450 000 MAD,"Gauthier, Casablanca",Appartement,"3 bedrooms
3 bathrooms
167 m²"
Magnifique appartement 131 m² 3 chambres Californie,2 590 000 MAD,"Californie, Casablanca",Appartement,"3 bedrooms
3 bathrooms
131 m²"
Superbe villa de 710 m2 a vendre,9 500 000 MAD,"Dar Bouazza, Dar Bouazza",Appartement,"5 bedrooms
5 bathrooms
710 m²"
Studio premium à saisir,1 175 000 MAD,"Ferme Bretone, Casablanca",Studio,"1 bathroom
56 m²"
Vente Villa 9 pièces de 263 m2 à Casablanca,4 750 000 MAD,"Ain Diab, Casablanca",Villa,"6 bedrooms
3 bathrooms
263 m²"
Appartement en RDC à CHAKAR V.A.T.1325,3 700 000 MAD,"Achakar, Tanger",Appartement,"3 bedrooms
2 bathrooms
284 m²"
Oct. 2024 - Superbe villa Amelkis 2,10 490 000 MAD,"Amelkis, Marrakech",Villa,"4 bedrooms
3 bathrooms
1 150 m²"
Somptueux duplex à vendre à la Palmeraie 1,3 300 000 MAD,"Palmeraie, Marrakech",Appartement,"3 bedrooms
3 bathrooms
380 m²"
"Jolie villa 530 m² à rénover, Chantilly",9 900 000 MAD,"Anfa, Casablanca",Villa,"4 bedrooms
4 bathrooms
530 m²"
Magnifique appartement en vente bien situé,1 300 000 MAD,"Yacoub El Mansour, Casablanca",Appartement,"2 bedrooms
2 bathrooms
97 m²"
Villa bien située à vendre (quartierHassan),6 500 000 MAD,"Hassan, Rabat",Villa,"3 bedrooms
3 bathrooms
342 m²"
Villa de luxe vue sur Golfs,2 600 000 MAD,"Route d'Ourika, Marrakech",Villa,"4 bedrooms
2 bathrooms
160 m²"
Offre Fev. 2025 - Superbe villa en résidence fermée,7 400 000 MAD,"Annakhil, Marrakech",Villa,"4 bedrooms
4 bathrooms
550 m²"
Villa titré rte de Fès proche centre ville,2 000 000 MAD,"Annakhil, Marrakech",Villa,"3 bedrooms
2 bathrooms
210 m²"
villa neuve à souissi avec un prix choc,15 000 000 MAD,"Souissi, Rabat",Villa,"4 bedrooms
4 bathrooms
1 950 m²"
Vente villa d'angle sur Boulevard à Nassim - Idéale pour activité professionnelle ou habitation,3 900 000 MAD,"Nassim, Casablanca",Villa,"5 bedrooms
3 bathrooms
313 m²"
Belle appartement 1 chambre Résidence Golf Noria Piscine,1 200 000 MAD,"Argan Golf Ressort, Marrakech",Appartement,"1 bedroom
1 bathroom
45 m²"
appartement meublé à vendre,1 700 000 MAD,"Route de Safi, Marrakech",Appartement,"1 bedroom
2 bathrooms
67 m²"
Appartement vue mer à vendre à Tanger centre ville,2 500 000 MAD,"Centre ville, Tanger",Appartement,"3 bedrooms
2 bathrooms
175 m²"
.Magnifique Appartement 2 chambres terrasse,1 500 000 MAD,"Palmeraie, Marrakech",Appartement,"2 bedrooms
2 bathrooms
85 m²"
Studio premium à saisir,1 080 000 MAD,"Les Princesses, Casablanca",Appartement,"1 bedroom
1 bathroom
46 m²"
Très belle villa secteur 23 hay riad,8 500 000 MAD,"Hay Riad, Rabat",Villa,"7 bedrooms
3 bathrooms
550 m²"
Villa titrée semi finie de 2195 m² sur route de Fès,5 500 000 MAD,"Route de Fès, Marrakech",Villa,"4 bedrooms
4 bathrooms
2 195 m²"
Vente Appartement 2 pièces de 41 m2 à Casablanca,730 000 MAD,"Mers Sultan, Casablanca",Appartement,"1 bedroom
1 bathroom
41 m²"
Coquette ferme bien située à vendre - kamouni,3 000 000 MAD,"Sidi Allal el Bahraoui, Rabat",Ferme,10 000 m²
Vente Appartement 5 pièces de 135 m2 à Skhirat,2 300 000 MAD,"Skhirat, Skhirat",Appartement,"3 bedrooms
2 bathrooms
135 m²"
Appartement à vendre V.A.T.2066,720 000 MAD,"Route de Rabat, Tanger",Appartement,"1 bedroom
1 bathroom
65 m²"
Vente Villa Casablanca Polo,6 400 000 MAD,"Polo, Casablanca",Villa,"4 bedrooms
3 bathrooms
400 m²"
Très belle villa meublée à 2mn de la plage de Skhirat,5 500 000 MAD,"Skhirat plage, Skhirat",Villa,"7 bedrooms
3 bathrooms
440 m²"
APPT EN VENTE -RACINE-,3 600 000 MAD,"Racine, Casablanca",Appartement,"3 bedrooms
2 bathrooms
176 m²"
Appartement 3 chambres moyen standing,600 000 MAD,"Mhamid, Marrakech",Appartement,"3 bedrooms
1 bathroom
84 m²"
Très bel appartement ensoleillé résidence fermée avec jardin,1 970 000 MAD,"Hassan, Rabat",Appartement,"5 bedrooms
1 bathroom
129 m²"
Appt et Studio à vendre au quartier Almaz sur nouvelle rocade Dar Bouaza,500 000 MAD,"Almaz, Casablanca",Appartement,"3 bedrooms
2 bathrooms
50 m²"
"Vente Villa d’Exception Moderne et Traditionnelle à Souissi, Rabat",16 300 000 MAD,"Souissi, Rabat",Villa,"5 bedrooms
5 bathrooms
1 000 m²"
"RIAD DE PRESTIGE -Palais d'hôtes avec SPA, belle Piscine et Ascenseur",10 000 000 MAD,"Quartier Kaat Benahid, Marrakech",Riad,"7+ bathrooms
640 m²"
Studio haut standing à saisir,565 000 MAD,"Ain Sebaa, Casablanca",Studio,"1 bathroom
41 m²"
Superbe Villa Rénovée dans la Palmeraie de Marrakech,8 848 500 MAD,"Palmeraie, Marrakech",Villa,"3 bedrooms
3 bathrooms
375 m²"
Magnifique villa Akenza Golf Resort Route d'Ourika KM 10,4 800 000 MAD,"Route d'Ourika, Marrakech",Villa,"4 bedrooms
2 bathrooms
230 m²"
Studio premium à saisir,850 000 MAD,"Bourgogne, Casablanca",Studio,"1 bathroom
53 m²"
Appartement de luxe à vendre à Malabata Hills,1 350 000 MAD,"Malabata, Tanger",Appartement,"2 bedrooms
1 bathroom
65 m²"
VENTE VILLA AIN DIAB,8 500 000 MAD,"Ain Diab, Casablanca",Villa,"3 bedrooms
425 m²"
Appartement à vendre V.C.T.1367,4 000 000 MAD,"Centre ville, Tanger",Appartement,"3 bedrooms
1 bathroom
184 m²"
Appartement haut standing à vendre prés gare TGV,1 540 000 MAD,"Malabata, Tanger",Appartement,"2 bedrooms
2 bathrooms
79 m²"
VILLA A AVENDRE 2000M A CALIFORNIA,22 000 000 MAD,"Californie, Casablanca",Villa,"4 bedrooms
4 bathrooms
2 000 m²"
Jolie Villa avec un grand jardin,8 900 000 MAD,"Hay Riad, Rabat",Villa,"7 bedrooms
3 bathrooms
1 079 m²"
Villa jumelée sur Skhirat,3 200 000 MAD,"Skhirat plage, Skhirat",Villa,"6 bedrooms
3 bathrooms
200 m²"
Lot de 90 m² au quartier Azzouzia,600 000 MAD,"Azzouzia, Marrakech",Terrain,90 m²
Bel appartement bien ensoleillé en vente en plein centre de Martil,560 000 MAD,"Martil, Martil",Appartement,"2 bedrooms
1 bathroom
75 m²"
Studio premium sans vis a vis,890 000 MAD,"Palmier, Casablanca",Studio,"1 bathroom
40 m²"
Magnifique villa à vendre ville verte,15 000 000 MAD,"Casa Green Town, Bouskoura",Villa,"5 bedrooms
6 bathrooms
1 000 m²"
Vente bel appartement à Bourgogne,1 150 000 MAD,"Bourgogne, Casablanca",Appartement,"2 bedrooms
1 bathroom
90 m²"
Belle Villa Avec Piscine à Bouznika,13 000 000 MAD,"indéfini, Bouznika",Villa,"7+ bedrooms
2 bathrooms
1 250 m²"
"Vente studio meublé moderne avec terrasse Triangle d'Or, Casablanca",1 250 000 MAD,"Triangle d'Or, Casablanca",Appartement,"1 bedroom
1 bathroom
49 m²"
Coquette Villa avec sur mer en vente à Harhoura,5 800 000 MAD,"Indéfini, Rabat",Villa,"6 bedrooms
2 bathrooms
716 m²"
A vendre Villa isolée 1150m² CHANTILLY,22 500 000 MAD,"Longchamps, Casablanca",Villa,"5 bedrooms
4 bathrooms
1 150 m²"
Bel appartement avec 3 façades à Prestigia Hay Riad,4 950 000 MAD,"Hay Riad, Rabat",Appartement,"6 bedrooms
2 bathrooms
210 m²"
Bel Rez de jardin tres bien ensoleillé à l'orangeraie,5 600 000 MAD,"Souissi, Rabat",Appartement,"5 bedrooms
2 bathrooms
289 m²"
Lot de terrain à vendre pour construction d'une grande villa,850 000 MAD,"Chrifia, Marrakech",Terrain,263 m²
Prestigieuse villa a vendre à Amelkis,18 000 000 MAD,"Amelkis, Marrakech",Villa,"4 bedrooms
5 bathrooms
800 m²"
affaire a saisir: terrain titré de 10000 m²,4 000 000 MAD,"Tit Mellil, Casablanca",Terrain,10 000 m²
Vente Terrain Route des Zaers Souissi,10 004 000 MAD,"Souissi, Rabat",Terrain,2 501 m²
Terrain À la vente Longchamps impasse,24 000 000 MAD,"Longchamps, Casablanca",Terrain,1 149 m²
VILLE AVENDRE QUARTIER CIL,9 300 000 MAD,"CIL, Casablanca",Villa,"4 bedrooms
5 bathrooms
450 m²"
Magnifique villa à vendre au GOLF D'AMELKIS,7 200 000 MAD,"Amelkis, Marrakech",Villa,"3 bedrooms
3 bathrooms
700 m²"
Terrain de 3100m² pour villa Top emplacement à Californie,31 000 000 MAD,"Californie, Casablanca",Terrain,3 100 m²
Opportunité à la palmeraie II 205 m² 3 chambres,3 000 000 MAD,"Palmeraie, Marrakech",Appartement,"3 bedrooms
3 bathrooms
205 m²"
Dans l’un des meilleurs resorts golfique,8 250 000 MAD,"Amelkis, Marrakech",Villa,"4 bedrooms
5 bathrooms
500 m²"
Super terrain d'angle à vendre Californie,6 750 000 MAD,"Californie, Casablanca",Terrain,615 m²
GOLF AMELKIS COUP DE CŒUR VILLA DE PLAIN PIED,12 000 000 MAD,"Amelkis, Marrakech",Villa,"6 bedrooms
6 bathrooms
600 m²"
"Opportunité exceptionnelle : Villa 945m2 à vendre au quartier Chantilly, Casablanca",14 000 000 MAD,"Anfa, Casablanca",Villa,"3 bedrooms
2 bathrooms
945 m²"
Terrain pour 3 villas,11 000 000 MAD,"El Menzeh, Rabat",Terrain,11 000 m²
Très RARE! Rez-de-jardin à la palmeraie en front de Golf.,6 000 000 MAD,"Palmeraie, Marrakech",Appartement,"3 bedrooms
3 bathrooms
220 m²"
Terrain à la vente Anfa 518 m,10 500 000 MAD,"Val d'Anfa, Casablanca",Terrain,518 m²
Très beau terrain villa à l'Agdal,5 150 000 MAD,"Agdal, Rabat",Terrain,430 m²
Belle villa avec piscine a harhoura,5 600 000 MAD,"Indéfini, Rabat",Villa,"7+ bedrooms
3 bathrooms
330 m²"
Très beau terrain à 80m de la plage de Skhirat plan autorisé,2 050 000 MAD,"Skhirat plage, Skhirat",Terrain,386 m²
Opportunité! très Jolie 2 chambres à la palmeraie,1 300 000 MAD,"Palmeraie, Marrakech",Appartement,"2 bedrooms
2 bathrooms
75 m²"
Opportunité: terrain nu avec plan autorisé à 80m de la plage de Skhirat,2 050 000 MAD,"Skhirat plage, Skhirat",Terrain,385 m²
BOURGOGNE-VENTE-APPARTEMENT-JARDIN-1.850.000 DHS,1 850 000 MAD,"Bourgogne, Casablanca",Appartement,"2 bedrooms
2 bathrooms
93 m²"
VILLA EXCEPTION PALMERAIE PALAIS NAMASKAR,3 262 000 MAD,"Palmeraie, Marrakech",Villa,"4 bedrooms
3 bathrooms
348 m²"
Villa de 480 m² à Vendre sur Hay Riad à Rabat,7 800 000 MAD,"Hay Riad, Rabat",Villa,"5 bedrooms
3 bathrooms
480 m²"
MAGNIFIQUE VILLE EN VENTE OASIS,9 000 000 MAD,"Oasis, Casablanca",Villa,"4 bedrooms
3 bathrooms
732 m²"
Incroyable villa à vendre à Bouskoura 532m²,9 500 000 MAD,"Bouskoura Golf City, Bouskoura",Villa,"4 bedrooms
4 bathrooms
532 m²"
APPARTEMENT HAUT STANDING EN VENTE – MARRAKECH,3 500 000 MAD,"Route de Ouarzazate, Marrakech",Appartement,"2 bedrooms
2 bathrooms
135 m²"
Villa Jumelée de Prestige à Vendre,8 300 000 MAD,"Bouskoura Golf City, Bouskoura",Villa,"4 bedrooms
4 bathrooms
425 m²"
Californie vente villa jardin piscine terrasse,7 000 000 MAD,"Californie, Casablanca",Villa,"4 bedrooms
3 bathrooms
411 m²"
VILLA EXCEPTION PALMERAIE PALAIS NAMASKAR,3 662 000 MAD,"Palmeraie, Marrakech",Villa,"4 bedrooms
3 bathrooms
348 m²"
Villa joliment décorée avec piscine à bab ighli,5 900 000 MAD,"Bab Ighli, Marrakech",Villa,"4 bedrooms
3 bathrooms
485 m²"
VILLA NEUVE MEUBLE A MARRAKECH,9 000 000 MAD,"Route d'Ourika, Marrakech",Villa,"4 bedrooms
3 bathrooms
514 m²"
Vente Appartement Rabat Haut Agdal,2 850 000 MAD,"Quartier Agdal Haut, Rabat",Appartement,"3 bedrooms
2 bathrooms
198 m²"
Découvrez ce magnifique appartement a la vente,2 950 000 MAD,"Bouskoura Golf City, Bouskoura",Appartement,"3 bedrooms
3 bathrooms
160 m²"
Bel appartement à vendre à Kenitra,590 000 MAD,"Bir Rami, Kenitra",Appartement,"2 bedrooms
1 bathroom
59 m²"
VILLA EXCEPTION PALMERAIE PALAIS NAMASKAR,3 262 000 MAD,"Palmeraie, Marrakech",Villa,"4 bedrooms
3 bathrooms
348 m²"
À VENDRE : VILLA MODERNE À 10 KM DE MARRAKECH,8 400 000 MAD,"Route d'Ourika, Marrakech",Villa,"5 bedrooms
5 bathrooms
450 m²"
Villa Isolée de Luxe avec Vue sur Golf et Forêt,12 500 000 MAD,"Bouskoura Golf City, Bouskoura",Villa,"5 bedrooms
5 bathrooms
887 m²"
Vente Appartement Rabat Haut Agdal REF 3660,3 500 000 MAD,"Quartier Agdal Haut, Rabat",Appartement,"3 bedrooms
2 bathrooms
181 m²"
Vente Villa Très Bien Situé Ain Diab,5 400 000 MAD,"Ain Diab, Casablanca",Villa,"4 bedrooms
3 bathrooms
340 m²"
Magnifique appartement à vendre,800 000 MAD,"kénitra centre ville, Kenitra",Appartement,"2 bedrooms
1 bathroom
80 m²"
Appartement de 174 m² à vendre sur Hay Riad Rabat,3 000 000 MAD,"Hay Riad, Rabat",Appartement,"3 bedrooms
2 bathrooms
174 m²"
✨ Superbe Villa de Luxe à Vendre Face au Golf,9 500 000 MAD,"Bouskoura Golf City, Bouskoura",Villa,"3 bedrooms
3 bathrooms
532 m²"
Villa de 518 m² à Vendre sur Hay Riad à Rabat,8 400 000 MAD,"Hay Riad, Rabat",Villa,"4 bedrooms
3 bathrooms
518 m²"
SOMPTUEUSE VILLA PLAIN PIED ROUTE D’AMIZMIZ,7 500 000 MAD,"Route Amizmiz, Marrakech",Villa,"3 bedrooms
4 bathrooms
280 m²"
Villa de 1 700 m² à vendre sur SOUISSI à Rabat,24 000 000 MAD,"Souissi, Rabat",Villa,"7+ bedrooms
5 bathrooms
1 700 m²"
VILLA EXCEPTION PALMERAIE PALAIS NAMASKAR,3 862 000 MAD,"Palmeraie, Marrakech",Villa,"4 bedrooms
3 bathrooms
348 m²"
Villa D'exception à vendre à AMELKIS,16 500 000 MAD,"Amelkis, Marrakech",Villa,"4 bedrooms
4 bathrooms
440 m²"
MAGNIFIQUE APPT EN VENTE AVEC VUE SUR MAR -DARB-,2 500 000 MAD,"Dar Bouazza, Casablanca",Appartement,"2 bedrooms
2 bathrooms
124 m²"
"Bouskoura ,Villa Vue panoramique, en vente 5CH",17 000 000 MAD,"Casa Green Town, Bouskoura",Villa,"5 bedrooms
5 bathrooms
1 750 m²"
Magnifique appartement à vendre,640 000 MAD,"Bir Rami, Kenitra",Appartement,"2 bedrooms
1 bathroom
64 m²"
UN MAGNIFIQUE DUPLEX POUR LA VENTE,3 500 000 MAD,"Tanger Free Zone, Tanger",Duplex,"4 bedrooms
2 bathrooms
250 m²"
VILLA DE LUXE NEUVE CENTRE MARRAKEcH,9 000 000 MAD,"Route d'Ourika, Marrakech",Villa,"4 bedrooms
3 bathrooms
517 m²"
vente Appartement Rabat Hay Riyad Prestigia,3 250 000 MAD,"Hay Riad, Rabat",Appartement,"3 bedrooms
2 bathrooms
145 m²"
Sublime villa à vendre Front Golf,16 000 000 MAD,"Casa Green Town, Bouskoura",Villa,"4 bedrooms
3 bathrooms
1 300 m²"
Villa de 2 000 m² à vendre sur Souissi à Rabat,24 000 000 MAD,"Souissi, Rabat",Villa,"6 bedrooms
4 bathrooms
2 000 m²"
VILLA A VENDRE DANS QUARTIER PALMERAIE A MARRAKECH,4 962 000 MAD,"Palmeraie, Marrakech",Villa,"4 bedrooms
3 bathrooms
595 m²"
Studio è vendre situé à Agdal Rabat,1 500 000 MAD,"Agdal, Rabat",Appartement,"1 bedroom
1 bathroom
60 m²"
Magnifique appartement à vendre,640 000 MAD,"kénitra centre ville, Kenitra",Appartement,"2 bedrooms
1 bathroom
64 m²"
Vente Appartement Rabat Hay Riad Prestigia,2 450 000 MAD,"Hay Riad, Rabat",Appartement,"2 bedrooms
2 bathrooms
98 m²"
"Dar bouazza, vente joli appartement 4CH",2 850 000 MAD,"Dar Bouazza, Casablanca",Appartement,"4 bedrooms
3 bathrooms
281 m²"
Vente Appartement Rabat Hay Riad REF 3551,2 300 000 MAD,"Hay Riad, Rabat",Appartement,"3 bedrooms
2 bathrooms
145 m²"
A VENDRE FERME D’HÔTES - AMIZMIZ,5 700 000 MAD,"indéfini, Marrakech",Villa,"7 bedrooms
7 bathrooms
700 m²"
"LAYMOUN, jolie villa indépendante à vendre,4CH",10 000 000 MAD,"Laymoune, Casablanca",Villa,"4 bedrooms
3 bathrooms
700 m²"
Villa Jumelée de Prestige à Vendre à la ville verte,6 300 000 MAD,"Bouskoura Golf City, Bouskoura",Villa,"4 bedrooms
4 bathrooms
406 m²"
Bel appartement 182m² proche Bd Al Massira à vendre,2 980 000 MAD,"Racine, Casablanca",Appartement,"3 bedrooms
3 bathrooms
182 m²"
Appartement à Vendre en Californie : Meublé ou Vide,1 900 000 MAD,"Californie, Casablanca",Appartement,"3 bedrooms
2 bathrooms
109 m²"
Jolie Villa meublée en vente aux Portes de Marrakech,3 500 000 MAD,"Targa, Marrakech",Villa,"7+ bedrooms
4 bathrooms
399 m²"
A VENDRE MAGNIFIQUE VILLA – ROUTE OURIKA – MARRAKECH,15 600 000 MAD,"Route d'Ourika, Marrakech",Villa,"4 bedrooms
5 bathrooms
10 000 m²"
Villa provençale piscine beau jardin vendre Californie,14 000 000 MAD,"Californie, Casablanca",Villa,"4 bedrooms
4 bathrooms
1 057 m²"
"Dar bouazza, Terrain à vendre ZONE Villa 3Niveaux",1 767 000 MAD,"Tamaris, Casablanca",Terrain,310 m²
"Magnifique villa jumelée angle , à vendre, 3CH",4 800 000 MAD,"Dar Bouazza, Casablanca",Villa,"3 bedrooms
2 bathrooms
421 m²"
Superbe Riad titré en bon état facile à rénover très bien situé,4 500 000 MAD,"Bab Doukkala, Marrakech",Riad,"3 bathrooms
280 m²"
Belle villa Bouskoura piscine & beau jardin à vendre,6 400 000 MAD,"Autre, Bouskoura",Villa,"4 bedrooms
4 bathrooms
897 m²"
Superbe Appartement à vendre,1 030 000 MAD,"kénitra centre ville, Kenitra",Appartement,"2 bedrooms
2 bathrooms
105 m²"
Vente Ferme Skhirat REF 3560,7 500 000 MAD,"Skhirat, Skhirat",Ferme,10 000 m²
Superbe Appartement à vendre,700 000 MAD,"kénitra centre ville, Kenitra",Appartement,"2 bedrooms
1 bathroom
70 m²"
Superbe Appartement à vendre,1 030 000 MAD,"Bir Rami, Kenitra",Appartement,"2 bedrooms
2 bathrooms
105 m²"
Superbe Appartement à vendre,1 890 000 MAD,"kénitra centre ville, Kenitra",Appartement,"2 bedrooms
2 bathrooms
192 m²"
Appartement premium à saisir,1 830 000 MAD,"Palmier, Casablanca",Appartement,"2 bedrooms
2 bathrooms
85 m²"
Grand appartement en hauteur,2 820 000 MAD,"Quartier des Hôpitaux, Casablanca",Appartement,"4 bedrooms
3 bathrooms
235 m²"
Bel Appartement rénové Gauthier emplacement calme à vendre,2 500 000 MAD,"Gauthier, Casablanca",Appartement,"2 bedrooms
3 bathrooms
160 m²"
Jolie villa de style moderne route de Fès,6 500 000 MAD,"Route de Fès, Marrakech",Villa,"7 bedrooms
5 bathrooms
3 000 m²"
Vente Villa Temara Harhoura,6 500 000 MAD,"Harhoura, Temara",Villa,"4 bedrooms
3 bathrooms
610 m²"
Villa à Hamria Centre Ville,3 200 000 MAD,"Hamria, Meknes",Villa,"5 bedrooms
3 bathrooms
360 m²"
Appartement Exceptionnel à Vendre – Résidence Haut de Gamme,3 200 000 MAD,"Bouskoura Golf City, Bouskoura",Appartement,"3 bedrooms
3 bathrooms
160 m²"
Projet Appartement avec piscine Rte de Casa proche Mac Donald,1 147 500 MAD,"Hay Izdihar, Marrakech",Appartement,"2 bedrooms
2 bathrooms
85 m²"
Vente villa en bande 275m2 CGI Ville Verte Bouskoura,5 000 000 MAD,"Bouskoura, Casablanca",Villa,"3 bedrooms
3 bathrooms
275 m²"
BELLE VILLA EN VENTE DAR BOUAZZA,2 450 000 MAD,"Dar Bouazza, Casablanca",Villa,"3 bedrooms
3 bathrooms
211 m²"
Somptueuse villa route d'Ourika KM 9,4 300 000 MAD,"Route d'Ourika, Marrakech",Villa,"4 bedrooms
3 bathrooms
385 m²"
Vente Villa Rabat Souissi,13 000 000 MAD,"Souissi, Rabat",Villa,"7 bedrooms
3 bathrooms
1 763 m²"
"Bouskoura, JOLIE Villa bande en vente 4 CH,",6 000 000 MAD,"Casa Green Town, Bouskoura",Villa,"4 bedrooms
3 bathrooms
320 m²"
Magnifique appartement à vendre à Palmier,3 500 000 MAD,"Palmier, Casablanca",Appartement,"3 bedrooms
2 bathrooms
220 m²"
Villa d'angle jumelée ensoleillée piscine à Mandarona à vendre,7 800 000 MAD,"Mandarona, Casablanca",Villa,"4 bedrooms
4 bathrooms
512 m²"
Coquet appartement pas vis-à-vis avec terrasse à vendre Maârif Ext,2 200 000 MAD,"Maarif Extension, Casablanca",Appartement,"2 bedrooms
2 bathrooms
121 m²"
Bel appartement à vendre,1 150 000 MAD,"kénitra centre ville, Kenitra",Appartement,"2 bedrooms
2 bathrooms
118 m²"
Bel appartement à vendre,1 150 000 MAD,"Bir Rami, Kenitra",Appartement,"2 bedrooms
2 bathrooms
118 m²"
Spacieux appartement de 240 m² au centre ville,2 300 000 MAD,"Allal El Fassi, Marrakech",Appartement,"6 bedrooms
4 bathrooms
230 m²"
Splendide Villa à vendre,6 300 000 MAD,"Dar Bouazza, Casablanca",Villa,"4 bedrooms
4 bathrooms
576 m²"
VILLA A LA VENTE – SITUÉE A24 KM DE MARRAKECH SUR LA ROUTE D’OURIKA,8 800 000 MAD,"Route d'Ourika, Marrakech",Villa,"5 bedrooms
4 bathrooms
480 m²"
Vente Appartement Rabat Haut Agdal REF 3355,3 200 000 MAD,"Quartier Agdal Haut, Rabat",Appartement,"3 bedrooms
2 bathrooms
182 m²"
Ferme titrée d'un hectare à Bouros,1 600 000 MAD,"Route de Casablanca, Marrakech",Ferme,10 250 m²
Bouskoura vente villa vue sur golf,14 000 000 MAD,"Bouskoura, Casablanca",Villa,"4 bedrooms
4 bathrooms
1 000 m²"
Jolie villa de 750 m² Rte Ourika,1 600 000 MAD,"Route d'Ourika, Marrakech",Villa,"3 bedrooms
2 bathrooms
750 m²"
APPT EN VENTE - ROUTE D'AZEMOUR-,3 800 000 MAD,"Route d'Azemmour, Casablanca",Appartement,"3 bedrooms
2 bathrooms
186 m²"
"Belle villa de 9 chambres, idéale pour maison d'hôtes, avec piscine et spa",8 500 000 MAD,"Route de Fès, Marrakech",Villa,"7+ bedrooms
7+ bathrooms
2 534 m²"
Vente Appartement 4 pièces de 216 m2 à Casablanca,3 000 000 MAD,"Racine, Casablanca",Appartement,"3 bedrooms
2 bathrooms
216 m²"
Bouskoura vente villa équipement résidence,6 500 000 MAD,"Bouskoura, Casablanca",Villa,"4 bedrooms
4 bathrooms
830 m²"
Belle villa à vendre Prestigia,7 300 000 MAD,"Casa Green Town, Bouskoura",Villa,"3 bedrooms
4 bathrooms
490 m²"
Appartement avec terrasse ensoleillé,1 695 000 MAD,"Quartier des Hôpitaux, Casablanca",Appartement,"3 bedrooms
2 bathrooms
162 m²"
Appartement premium à saisir,1 400 000 MAD,"Les Princesses, Casablanca",Appartement,"2 bedrooms
2 bathrooms
70 m²"
APPT EN VENTE - LYCEE LYAUTEY BOURGOGNE-,1 400 000 MAD,"Bourgogne, Casablanca",Appartement,"2 bedrooms
1 bathroom
131 m²"
Magnifique appartement Golf Noria Résidence,2 200 000 MAD,"Chrifia, Marrakech",Appartement,"2 bedrooms
2 bathrooms
85 m²"
Superbes Villas Modernes avec piscine aux normes écologiques dans un Resort golfique,5 100 000 MAD,"Route d'Ourika, Marrakech",Villa,"4 bedrooms
3 bathrooms
600 m²"
Appartement haut standing à saisir,1 040 000 MAD,"Oulfa, Casablanca",Appartement,"2 bedrooms
2 bathrooms
86 m²"
Studio haut standing meublé neuf,1 260 000 MAD,"Gauthier, Casablanca",Studio,"1 bathroom
66 m²"
Splendide villa à vendre très bien située,14 950 000 MAD,"Boulevard Mohammed VI, Marrakech",Villa,"4 bedrooms
3 bathrooms
997 m²"
A vendre Villa bande 300m² Villas des près,3 550 000 MAD,"Dar Bouazza, Casablanca",Villa,"4 bedrooms
4 bathrooms
300 m²"
Appartement d’exception 218m2 avec piscine à la Ville Verte de Bouskoura,3 200 000 MAD,"Bouskoura, Casablanca",Appartement,"3 bedrooms
3 bathrooms
218 m²"
"Villa de prestige en location longue durée, bien meublée et équipée à ARGAN GOLF RESORT",7 500 000 MAD,"Route de Tahanaoute, Marrakech",Villa,"6 bedrooms
6 bathrooms
798 m²"
A Vendre villa Jumelée 390m² Ain diab EXT,8 500 000 MAD,"Ain Diab, Casablanca",Villa,"5 bedrooms
4 bathrooms
390 m²"
Vente Villa 5 pièces de 229 m2 à Sidi Rahal,3 000 000 MAD,"Sidi rahal, Sidi Rahal",Villa,"4 bedrooms
3 bathrooms
229 m²"
Superbe villa contemporaine piscine à débordement et salle de ciné au golf d'Amelkis,14 500 000 MAD,"Amelkis, Marrakech",Villa,"7 bedrooms
6 bathrooms
1 050 m²"
Appartement à vendre V.M.T.2068,4 300 000 MAD,"Malabata, Tanger",Appartement,"3 bedrooms
2 bathrooms
187 m²"
Splendide villa front golf à Marrakech,10 000 000 MAD,"Route de Tahanaoute, Marrakech",Villa,"4 bedrooms
4 bathrooms
1 000 m²"
"BD, Zerktouni, joli appartement à VENDRE,3ch",2 900 000 MAD,"Zerktouni, Casablanca",Appartement,"3 bedrooms
3 bathrooms
173 m²"
villa à vendre à Boubana TANGER,6 000 000 MAD,"Boubana, Tanger",Villa,"5 bedrooms
3 bathrooms
375 m²"
"Dar Bouazza, Villa en vente Nawras Oued merzeg 4 CH",4 600 000 MAD,"Dar Bouazza, Casablanca",Villa,"4 bedrooms
3 bathrooms
383 m²"
Bouskoura vente villa 4 pièces,5 100 000 MAD,"Bouskoura, Casablanca",Villa,"4 bedrooms
3 bathrooms
300 m²"
Studio super premium sans vis à vis,1 210 000 MAD,"Palmier, Casablanca",Studio,"1 bathroom
56 m²"
Luxueuse villa moderne 1000 m2 Amelkis,28 000 000 MAD,"Amelkis, Marrakech",Villa,"5 bedrooms
5 bathrooms
1 000 m²"
Bouskoura vente villa golf city prestigia,5 800 000 MAD,"Bouskoura, Casablanca",Villa,"4 bedrooms
3 bathrooms
350 m²"
Appartement à vendre 165m2 Gueliz Marrakech,1 900 000 MAD,"Guéliz, Marrakech",Appartement,"4 bedrooms
2 bathrooms
165 m²"
Vente Appartement 6 pièces de 223 m2 à Casablanca,3 780 000 MAD,"Racine, Casablanca",Appartement,"4 bedrooms
3 bathrooms
223 m²"
Villa Style Riad 450 m² à Vendre Targa Marrakech,4 000 000 MAD,"Targa, Marrakech",Villa,"7 bedrooms
6 bathrooms
450 m²"
Oct. 2024 - Villa moderne quartier Longchamp,10 900 000 MAD,"Longchamps, Casablanca",Villa,"5 bedrooms
4 bathrooms
412 m²"
Oct. 2024 - Appartement 100% rénové,3 200 000 MAD,"Victor Hugo, Marrakech",Appartement,"3 bedrooms
2 bathrooms
160 m²"
Oct. 2024 - Maison accès direct océan,3 500 000 MAD,"Tamaris, Casablanca",Villa,"2 bedrooms
2 bathrooms
500 m²"
Oct. 2024 - Appartement de luxe,4 190 000 MAD,"Gauthier, Casablanca",Appartement,"3 bedrooms
2 bathrooms
220 m²"
Nov. 2024 - Appartement résidence Sindibad,2 990 000 MAD,"Ain Diab, Casablanca",Appartement,"2 bedrooms
2 bathrooms
147 m²"
Appartement à vendre V.C.N.2053,1 400 000 MAD,"Centre ville, Tanger",Appartement,"3 bedrooms
1 bathroom
120 m²"
Appartement Theophile Gauthier,4 250 000 MAD,"Racine extension, Casablanca",Appartement,"3 bedrooms
2 bathrooms
247 m²"
Villa à Vendre à Targa Marrakech 680 m²,11 000 000 MAD,"Targa, Marrakech",Villa,"7+ bedrooms
7+ bathrooms
680 m²"
Vente Villa de 852 m2 à Nouaceur,7 400 000 MAD,"Nouaceur, Nouaceur",Villa,"5 bedrooms
4 bathrooms
852 m²"
Villa vide à vendre V.A.T.2055,8 000 000 MAD,"indéfini, Tanger",Villa,"5 bedrooms
4 bathrooms
600 m²"
Vente Villa 5 pièces de 828 m2 à El Mansouria,7 210 000 MAD,"centre ville, El Mansouria",Villa,"3 bedrooms
3 bathrooms
828 m²"
Oct. 2024 - Terrain nu front golf Amelkis 2,11 490 000 MAD,"Amelkis, Marrakech",Terrain,2 103 m²
Janv. 2025 - Villa en résidence fermée,7 990 000 MAD,"Ain Diab, Casablanca",Villa,"4 bedrooms
3 bathrooms
305 m²"
Offre Mars 2024 - Villa en résidence fermée,7 400 000 MAD,"Bouskoura, Casablanca",Villa,"4 bedrooms
3 bathrooms
521 m²"
Appartement à vendre -Tanger- V.A.O.2057,1 000 000 MAD,"Mesnana, Tanger",Appartement,"2 bedrooms
2 bathrooms
94 m²"
Vente Appartement 5 pièces de 165 m2 à Marrakech,1 990 000 MAD,"Guéliz, Marrakech",Appartement,"4 bedrooms
3 bathrooms
165 m²"
Oct. 2024 - Terrain nu front golf Amelkis 2,8 790 000 MAD,"Amelkis, Marrakech",Terrain,1 852 m²
Luxueuse Villa au Noria Golf,9 700 000 MAD,"Argan Golf Ressort, Marrakech",Villa,"5 bedrooms
4 bathrooms
600 m²"
A Vendre Villa NEUVE Bande 330m² Palmeraie Bouskoura,6 800 000 MAD,"Bouskoura, Casablanca",Villa,"3 bedrooms
3 bathrooms
330 m²"
Vente terrain situé à Souissi Rabat,9 370 000 MAD,"Souissi, Rabat",Terrain,2 049 m²
Bel appartemet à vendre situe à Hay riad Rabat,4 600 000 MAD,"Hay Riad, Rabat",Appartement,"3 bedrooms
2 bathrooms
215 m²"
APPARTEMENT A LA VENTE A VICTOR HUGO,2 100 000 MAD,"Victor Hugo, Marrakech",Appartement,"2 bedrooms
1 bathroom
127 m²"
Appartement à Vendre 81m² Gueliz Marrakech,1 180 000 MAD,"Guéliz, Marrakech",Appartement,"2 bedrooms
1 bathroom
81 m²"
"AIN DIAB, vente d'une belle villa en bande 4 CH",7 800 000 MAD,"Ain Diab, Casablanca",Villa,"4 bedrooms
3 bathrooms
400 m²"
Vente Appartement de 373 m2 à Casablanca,4 700 000 MAD,"Gauthier, Casablanca",Appartement,"4 bedrooms
3 bathrooms
373 m²"
MAGNIFIQUE RDJ EN VENTE A BOUSKOURA,4 700 000 MAD,"Bouskoura, Casablanca",Appartement,"3 bedrooms
2 bathrooms
620 m²"
Splendide Villa à vendre,10 000 000 MAD,"Bouskoura, Casablanca",Villa,"5 bedrooms
4 bathrooms
1 000 m²"
Studio premium à saisir sans vis à vis avec terrasse,1 220 000 MAD,"Palmier, Casablanca",Studio,"1 bathroom
57 m²"
Appartement Prestigia Corail Piscine Ascenseur,1 950 000 MAD,"Marrakech Golf City, Marrakech",Appartement,"2 bedrooms
2 bathrooms
87 m²"
APPARTEMENTS HAUT STANDING EN VENTE (AV190422),1 200 000 MAD,"Malabata, Tanger",Appartement,"1 bedroom
1 bathroom
55 m²"
Belle villa Sidi Rahal Piscine Titrée,2 500 000 MAD,"Sidi rahal, Sidi Rahal",Villa,"3 bedrooms
2 bathrooms
250 m²"
Vente Appartement 4 pièces de 110 m2 à Zenata,1 290 000 MAD,"Zenata, Casablanca",Appartement,"3 bedrooms
3 bathrooms
110 m²"
Appartement premium à saisir,2 250 000 MAD,"Ferme Bretone, Casablanca",Appartement,"3 bedrooms
2 bathrooms
129 m²"
Bel appartement à vendre franceville,2 100 000 MAD,"Franceville, Casablanca",Appartement,"3 bedrooms
2 bathrooms
123 m²"
Charmante villa moderne Route d'Amizmiz Km 9,3 850 000 MAD,"Lalla Takerkoust, Marrakech",Villa,"4 bedrooms
4 bathrooms
350 m²"
Studio premium à saisir,1 295 000 MAD,"Les Princesses, Casablanca",Studio,"1 bathroom
52 m²"
Studio premium à saisir,1 015 000 MAD,"Ghandi, Casablanca",Studio,"1 bathroom
49 m²"
Vente Appartement Rabat Hay Riad,3 100 000 MAD,"Hay Riad, Rabat",Appartement,"3 bedrooms
2 bathrooms
200 m²"
Studio premium à saisir,1 260 000 MAD,"Les Princesses, Casablanca",Studio,"1 bathroom
51 m²"
Opportunité Oct. 2024 - Villa style Thai Californie,35 000 000 MAD,"Californie, Casablanca",Villa,"4 bedrooms
4 bathrooms
2 580 m²"
Vente Appartement à Dar Bouazza – Rez-de-jardin avec Vue sur Mer,1 900 000 MAD,"Dar Bouazza, Casablanca",Appartement,"2 bedrooms
125 m²"
Harhoura: Joli triplex a vendre,3 000 000 MAD,"Harhoura, Temara",Triplex,"2 bathrooms
180 m²"
Offre Mars 2024 - Sublime Duplex Faubourg d'Anfa,4 500 000 MAD,"Casa Anfa, Casablanca",Duplex,"3 bedrooms
2 bathrooms
158 m²"
APPT TRIANGLE D'OR EN VENTE,3 500 000 MAD,"Triangle d'Or, Casablanca",Appartement,"3 bedrooms
2 bathrooms
201 m²"
Appartement meublé en vente à Mabrouka,420 000 MAD,"Mabrouka, Marrakech",Appartement,"3 bedrooms
1 bathroom
55 m²"
Vente Villa Ain Diab Casablanca,7 500 000 MAD,"Ain Diab, Casablanca",Villa,"4 bedrooms
3 bathrooms
320 m²"
Vente D’une Villa Quartier Ain Diab Casablanca,9 000 000 MAD,"Ain Diab, Casablanca",Villa,"4 bedrooms
3 bathrooms
590 m²"
Studio très haut standing à saisir,635 000 MAD,"Oulfa, Casablanca",Studio,"1 bathroom
40 m²"
"Vente Studio 66m2 avec Emplacement idéal en bord de mer Ain Diab, Casablanca",2 400 000 MAD,"Ain Diab, Casablanca",Appartement,"1 bedroom
1 bathroom
66 m²"
villa à vendre V.J.T.1399,11 000 000 MAD,"Jebel Kebir, Tanger",Villa,"5 bedrooms
3 bathrooms
450 m²"
APPARTEMENT PROCHE DES GOLFS – ROUTE DE FES – MARRAKECH,1 350 000 MAD,"Route de Fès, Marrakech",Appartement,"1 bedroom
1 bathroom
65 m²"
Bel appartement à vendre situé à prestigia Rabat,2 550 000 MAD,"Hay Riad, Rabat",Appartement,"2 bedrooms
2 bathrooms
96 m²"
Bel appartement à vendre situé à prestigia Rabat,2 450 000 MAD,"Hay Riad, Rabat",Appartement,"2 bedrooms
2 bathrooms
91 m²"
"MAARIF EXTENSION, proche de Socrate, appartement A VENDRE,",1 500 000 MAD,"Maarif Extension, Casablanca",Appartement,"2 bedrooms
1 bathroom
107 m²"
APPT VIDE EN VENTE -VAL FLEURI-,1 600 000 MAD,"Val Fleuri, Casablanca",Appartement,"2 bedrooms
1 bathroom
100 m²"
Vente Villa 6 pièces de 608 m2 à Dar Bouazza,9 600 000 MAD,"Dar Bouazza, Casablanca",Villa,"5 bedrooms
6 bathrooms
608 m²"
APPTS ET DUPLEX NEUFS EN VENTE - CENTRE VILLE -,880 000 MAD,"Centre Ville Casablanca, Casablanca",Appartement,"1 bedroom
1 bathroom
39 m²"
Villa à vendre à Bouskoura Sud - 900m² avec piscine,5 995 000 MAD,"Bouskoura, Casablanca",Villa,"5 bedrooms
4 bathrooms
900 m²"
APPARTEMENT DE STANDING A LA VENTE VUE SUR GOLF,2 250 000 MAD,"Route Amizmiz, Marrakech",Appartement,"2 bedrooms
2 bathrooms
78 m²"
Villa haut standing a vendre,1 800 000 MAD,"Sidi rahal, Sidi Rahal",Villa,"3 bedrooms
3 bathrooms
174 m²"
Villa 720 m² à vendre meublée à TARGA Marrakech,4 000 000 MAD,"Targa, Marrakech",Villa,"6 bedrooms
7 bathrooms
720 m²"
Appartement haut standing à saisir,1 540 000 MAD,"Palmier, Casablanca",Appartement,"2 bedrooms
2 bathrooms
76 m²"
"A vendre Terrain 2,5 Hectare SD1 Rte de Ourzazate",6 500 000 MAD,"Route de Ouarzazate, Marrakech",Terrain,25 420 m²
Villa Neuve Meublée à Vendre 549 m² Route De Casa,4 900 000 MAD,"Route de Casablanca, Marrakech",Villa,"4 bedrooms
4 bathrooms
549 m²"
"Appartement 2 chambres, les Hôpitaux",1 200 000 MAD,"Quartier des Hôpitaux, Casablanca",Appartement,"2 bedrooms
2 bathrooms
81 m²"
BEL APPARTEMENT DE STANDING CENTRE VICTOR HUGO,2 200 000 MAD,"Victor Hugo, Marrakech",Appartement,"2 bedrooms
2 bathrooms
86 m²"
Appartement 4 chambres à vendre à Tanger centre ville,2 500 000 MAD,"Corniche, Tanger",Appartement,"3 bedrooms
2 bathrooms
140 m²"
Magnifique Riad dans la médina de Rabat,2 300 000 MAD,"Hassan, Rabat",Riad,"2 bathrooms
190 m²"
Magnifique appartement 115 m² 2 mars,1 550 000 MAD,"2 Mars, Casablanca",Appartement,"3 bedrooms
2 bathrooms
115 m²"
VILLA SEMI FINIE EN VENTE AIN DIAB,8 500 000 MAD,"Ain Diab, Casablanca",Villa,"3 bedrooms
2 bathrooms
404 m²"
"Racine, vente appartement en plein centre 3CH",2 200 000 MAD,"Racine, Casablanca",Appartement,"2 bedrooms
2 bathrooms
120 m²"
Villa de prestige dans un écrin de verdure,5 700 000 MAD,"Route de Tahanaoute, Marrakech",Villa,"4 bedrooms
4 bathrooms
400 m²"
Appartement habitation ou Bureau bien agencé ensoleillé Hopitaux,2 100 000 MAD,"Quartier des Hôpitaux, Casablanca",Appartement,"3 bedrooms
4 bathrooms
168 m²"
Villa Standing Piscine 300m² à Vendre Med VI,5 000 000 MAD,"Hivernage, Marrakech",Villa,"6 bedrooms
4 bathrooms
300 m²"
Appartement en résidence privé,680 000 MAD,"Route Amizmiz, Marrakech",Appartement,"2 bedrooms
1 bathroom
66 m²"
Appartement à vendre à Casablanca Bouskoura,3 500 000 MAD,"Bouskoura, Casablanca",Appartement,"3 bedrooms
165 m²"
Appartement de 67 m² en vente Q. Andalous,730 000 MAD,"Hay Andalous, Marrakech",Appartement,"3 bedrooms
2 bathrooms
67 m²"
VILLA A VENDRE A CALIFORNIE,13 600 000 MAD,"Californie, Casablanca",Villa,"4 bedrooms
3 bathrooms
700 m²"
Maison titrée à vendre 98 m² Issil Marrakech,1 500 000 MAD,"Issil, Marrakech",Maison,"4 bedrooms
3 bathrooms
98 m²"
Appartement RDC exclusivement habitation,2 140 000 MAD,"Agdal, Rabat",Appartement,"3 bedrooms
2 bathrooms
177 m²"
vente appartement dar bouazza jardin piscine,1 950 000 MAD,"Dar Bouazza, Casablanca",Appartement,"2 bedrooms
2 bathrooms
107 m²"
Jolie Villa avec jardins sur 3 niveaux quartier résidentiel à 5mn de guéliz idéal pour investissement locatif,3 300 000 MAD,"Sidi Abbad, Marrakech",Villa,"7 bedrooms
4 bathrooms
400 m²"
APPT EN VENTE SANS VIS A VIS,2 100 000 MAD,"Racine, Casablanca",Appartement,"2 bedrooms
2 bathrooms
90 m²"
Vente villa à Dar Bouazza,4 400 000 MAD,"Dar Bouazza, Casablanca",Villa,"4 bedrooms
300 m²"
"Vente appartement moderne 150m2 3chambres Ain Diab, Casablanca",3 680 000 MAD,"Ain Diab, Casablanca",Appartement,"3 bedrooms
2 bathrooms
156 m²"
BEL APPT EN VENTE -RACINE-,3 200 000 MAD,"Racine, Casablanca",Appartement,"4 bedrooms
2 bathrooms
250 m²"
VILLA MODERNE PROCHE BVD MOHAMED 6,4 200 000 MAD,"Boulevard Mohammed VI, Marrakech",Villa,"4 bedrooms
6 bathrooms
475 m²"
Appartement haut standing,1 950 000 MAD,"2 Mars, Casablanca",Appartement,"4 bedrooms
2 bathrooms
168 m²"
vente appt terrasse racine casablanca,4 000 000 MAD,"Racine extension, Casablanca",Appartement,"3 bedrooms
293 m²"
Villa Haut Standing 13000 m² Route d'Ourika kms 22 Marrakech,6 000 000 MAD,"Route d'Ourika, Marrakech",Villa,"3 bedrooms
3 bathrooms
13 000 m²"
Appartement À Vendre À Mozart Tanger,1 400 000 MAD,"Place mozart, Tanger",Appartement,"3 bedrooms
2 bathrooms
92 m²"
Vente Appartement 5 pièces de 88 m2 à Dar Bouazza,924 000 MAD,"Dar Bouazza, Casablanca",Appartement,"2 bedrooms
2 bathrooms
88 m²"
Vente Appartement 4 pièces de 106 m2 à Dar Bouazza,1 113 000 MAD,"Dar Bouazza, Casablanca",Appartement,"3 bedrooms
2 bathrooms
106 m²"
Superbe villa à vendre,3 900 000 MAD,"Dar Bouazza, Dar Bouazza",Villa,"4 bedrooms
3 bathrooms
290 m²"
"ar bouazza, vente d’un superbe appartement avec grande terrasse, refait à neuf 3 CH",2 150 000 MAD,"Dar Bouazza, Casablanca",Appartement,"3 bedrooms
2 bathrooms
156 m²"
Très bel appartement avec vue sur la mer,1 680 000 MAD,"Plage Oued Cherrat, Bouznika",Appartement,"3 bedrooms
2 bathrooms
109 m²"
Studio meublé neuf,1 080 000 MAD,"Les Princesses, Casablanca",Studio,"1 bathroom
58 m²"
Vente studio meublé ain diab,2 300 000 MAD,"Ain Diab, Casablanca",Studio,"1 bedroom
81 m²"
Maison 120m² 3 étages à vendre Mhamid Nahda,1 500 000 MAD,"Mhamid, Marrakech",Maison,"6 bedrooms
4 bathrooms
120 m²"
BEL APPARTEMENT CENTRE GUELIZ A LA VENTE,1 600 000 MAD,"Guéliz, Marrakech",Appartement,"2 bedrooms
2 bathrooms
87 m²"
Appartement haut standing à vendre à Malabata,1 480 000 MAD,"Malabata, Tanger",Appartement,"2 bedrooms
1 bathroom
76 m²"
Vente Villa de 463 m2 à Marrakech,4 700 000 MAD,"Targa, Marrakech",Villa,"6 bedrooms
3 bathrooms
463 m²"
ferme à vendre 20600m² Rte de l'OURIKA MARRAKECH,4 000 000 MAD,"Route d'Ourika, Marrakech",Ferme,20 600 m²
Terrain titré de 2.6 hectares à Bouros,1 300 000 MAD,"Route de Casablanca, Marrakech",Terrain,26 000 m²
Vente Appartement 3 pièces de 63 m2 à Dar Bouazza,661 500 MAD,"Dar Bouazza, Casablanca",Appartement,"2 bedrooms
2 bathrooms
63 m²"
Vente Appartement 3 pièces de 84 m2 à Casablanca,790 000 MAD,"Sidi Bernoussi, Casablanca",Appartement,"2 bedrooms
2 bathrooms
84 m²"
Location villa Polo,15 000 000 MAD,"Polo, Casablanca",Villa,"5 bedrooms
3 bathrooms
1 100 m²"
"Bouskoura,Vente terrain zone villa 741 m²",4 075 500 MAD,"Autre, Bouskoura",Terrain,741 m²
Appartement À Vendre À Nejma,1 490 000 MAD,"Place mozart, Tanger",Appartement,"2 bedrooms
3 bathrooms
109 m²"
Vente Appartement 4 pièces de 107 m2 à Casablanca,950 000 MAD,"Hay Mohammadi, Casablanca",Appartement,"3 bedrooms
2 bathrooms
107 m²"
Appartement Prestigia Agathe Piscine,2 200 000 MAD,"Marrakech Golf City, Marrakech",Appartement,"2 bedrooms
2 bathrooms
78 m²"
Villa dans un coin sécurisé au Souissi Av. Mohamed VI,18 000 000 MAD,"Souissi, Rabat",Villa,"7+ bedrooms
6 bathrooms
2 000 m²"
Vente Appartement 4 pièces de 124 m2 à Casablanca,1 680 000 MAD,"Oasis, Casablanca",Appartement,"3 bedrooms
2 bathrooms
124 m²"
Appartement 136m2 Allal El Fassi,1 300 000 MAD,"Allal El Fassi, Marrakech",Appartement,"2 bedrooms
1 bathroom
136 m²"
Studio premium à saisir,820 000 MAD,"2 Mars, Casablanca",Studio,"1 bathroom
45 m²"
Appart 150m² 2 façades à GUELIZ,1 850 000 MAD,"Guéliz, Marrakech",Appartement,"3 bedrooms
2 bathrooms
150 m²"
BEL APPT A VENDRE -RACINE -,3 400 000 MAD,"Racine, Casablanca",Appartement,"3 bedrooms
2 bathrooms
183 m²"
Vente villa à Laimoun,9 500 000 MAD,"indéfini, Casablanca",Villa,"6 bedrooms
700 m²"
"FES, ROUTE DE SEFROU TERRAIN R+3 EN VENTE 2265 m²",4 077 000 MAD,"Saiss, Fes",Terrain,2 265 m²
immeuble rue La fayette Residentiel et/ou commercial,4 000 000 MAD,"Fonciere, Casablanca",Immeuble,"7+ bathrooms
239 m²"
Appartement à vendre V.C.A.2016,2 055 000 MAD,"Centre ville, Tanger",Appartement,"3 bedrooms
1 bathroom
137 m²"
Villa avec piscine à vendre à Achakar,4 000 000 MAD,"Achakar, Tanger",Villa,"4 bedrooms
3 bathrooms
300 m²"
Vente appartement à Gauthier,2 500 000 MAD,"Gauthier, Casablanca",Appartement,"3 bedrooms
167 m²"
Appartement à vendre 96m² Bd Allal Fassi MARRAKECH,1 000 000 MAD,"Allal El Fassi, Marrakech",Appartement,"3 bedrooms
1 bathroom
96 m²"
BEL APPT EN VENTE LES PRINCESSES,1 600 000 MAD,"Les Princesses, Casablanca",Appartement,"2 bedrooms
2 bathrooms
106 m²"
Vente Terrain nu de 10000 m2 à Marrakech,1 800 000 MAD,"Route d'Ourika, Marrakech",Terrain,10 000 m²
"Vente Magnifique Studio Duplex 95m2 proche lycée Lyautey, Casablanca",1 350 000 MAD,"Ziraoui, Casablanca",Appartement,"1 bedroom
1 bathroom
95 m²"
VILLA AVENDRE SUR BOULVARD MECQUA,13 500 000 MAD,"Californie, Casablanca",Villa,"5 bedrooms
6 bathrooms
875 m²"
VILLA A VENDRE A OASIS,6 500 000 MAD,"Oasis, Casablanca",Villa,"3 bedrooms
3 bathrooms
440 m²"
Appartement neuf à vendre 3 chambres Ain Sebaa,1 322 500 MAD,"Ain Sebaa, Casablanca",Appartement,"3 bedrooms
3 bathrooms
115 m²"
Appartement neuf à vendre Ain Sebaa,1 035 000 MAD,"Ain Sebaa, Casablanca",Appartement,"2 bedrooms
3 bathrooms
90 m²"
CHARMANT APPARTEMENT À VENDRE,700 000 MAD,"Centre ville, Tanger",Appartement,"2 bedrooms
1 bathroom
68 m²"
Villa moderne à vendre à Moujahidine,6 000 000 MAD,"Moujahidine, Tanger",Villa,"5 bedrooms
3 bathrooms
380 m²"
Terrain 376m² de 3 façades Zoning RDC+3 Villette à vendre,3 950 000 MAD,"La Gironde, Casablanca",Terrain,376 m²
Lot de villa Rte Ourika de 1452 m² Melkia,800 000 MAD,"Route d'Ourika, Marrakech",Terrain,1 452 m²
Terrain a vendre situe a Souissi Rabat,10 150 000 MAD,"Souissi, Rabat",Terrain,2 500 m²
Vente appt Racine Casablanca,3 500 000 MAD,"Racine, Casablanca",Appartement,"3 bedrooms
3 bathrooms
231 m²"
Lot de villa de 2542 m² Rte d'ourika melkia,1 400 000 MAD,"Route d'Ourika, Marrakech",Terrain,2 542 m²
Plateau bureau Avenue Hassan II Diour Jamaa,1 450 000 MAD,"Diour Jamaa, Rabat",Appartement,"4 bedrooms
1 bathroom
100 m²"
Opportunité: Ferme en devenir zone immeuble,12 500 000 MAD,"Ain Atig, Temara",Terrain,11 000 m²
Appartement 93m² à vendre Hay CHaraf Marrakech,840 000 MAD,"Hay Charaf, Marrakech",Appartement,"2 bedrooms
1 bathroom
93 m²"
Bel appartement sans vis à vis très ensoleillé,3 650 000 MAD,"Indéfini, Rabat",Appartement,"5 bedrooms
2 bathrooms
171 m²"
Riad Maison d'hôtes à vendre Guéliz à Marrakech,4 700 000 MAD,"Guéliz, Marrakech",Riad,"4 bathrooms
164 m²"
Magnifique appartement en vente à Plage des Nations,3 200 000 MAD,"Plage des Nations, Rabat",Appartement,"5 bedrooms
2 bathrooms
183 m²"
Vente Villa Isolée Front Golf Bouskoura Ville Verte,12 000 000 MAD,"Bouskoura Golf City, Bouskoura",Villa,"4 bedrooms
4 bathrooms
1 083 m²"
VILLA A VENDRE A CALIFORNIE,12 960 000 MAD,"Californie, Casablanca",Villa,"4 bedrooms
3 bathrooms
1 080 m²"
Appartement 82 m² à vendre à GUELIZ Marrakech,1 000 000 MAD,"Guéliz, Marrakech",Appartement,"2 bedrooms
1 bathroom
82 m²"
Terrain zone BT3s1,10 500 000 MAD,"Ain Diab, Casablanca",Terrain,433 m²
Vente villa californie,14 500 000 MAD,"Californie, Casablanca",Villa,"3 bedrooms
1 000 m²"
Lux studio a vendre,620 000 MAD,"Belvédère, Casablanca",Studio,"1 bathroom
50 m²"
Un appartement moderne avec grande terrasse à Agdal,2 800 000 MAD,"Agdal, Rabat",Appartement,"5 bedrooms
3 bathrooms
150 m²"
Vente Terrain Rabat Haut Agdal REF 3571,5 500 000 MAD,"Quartier Agdal Haut, Rabat",Terrain,278 m²
Vente Terrain Harhoura Val D'or,3 400 000 MAD,"Harhoura, Temara",Terrain,301 m²
Vente terrain El Menzeh REF 3123,20 000 000 MAD,"El Menzeh, Rabat",Terrain,30 520 m²
Vente Terrain Constructible El Menzeh REF 3334,39 000 000 MAD,"Route des Zaers, Rabat",Terrain,30 000 m²
Beau terrain d'angle pour villa isolée à Ain Diab à vendre,27 500 000 MAD,"Anfa Supérieur, Casablanca",Terrain,1 700 m²
Terrain 1330m² pour villa habitation à vendre à Polo,10 600 000 MAD,"Polo, Casablanca",Terrain,1 330 m²
VILLA A VENDRE A CALIFORNIE,15 000 000 MAD,"Californie, Casablanca",Villa,"4 bedrooms
3 bathrooms
1 300 m²"
Oct. 2024 - Terrain d'angle en vente,6 600 000 MAD,"Ain Diab, Casablanca",Terrain,375 m²
Vente Maison de 160 m2 à Marrakech,1 650 000 MAD,"Ancienne Médina, Marrakech",Villa,"7+ bedrooms
2 bathrooms
160 m²"
Très un appartement neuf haut standing avec vue sur mer,3 700 000 MAD,"Indéfini, Rabat",Appartement,"4 bedrooms
2 bathrooms
116 m²"
Vente Terrain Temara Harhoura Petit Val D’or REF 3345,3 000 000 MAD,"Harhoura, Temara",Terrain,250 m²
Terrain pour usage commercial,7 745 000 MAD,"Harhoura, Temara",Terrain,1 549 m²
Superbe Appartement vide,1 300 000 MAD,"Belvédère, Casablanca",Appartement,"3 bedrooms
2 bathrooms
105 m²"
Villa avec piscine à vendre à Boubana,7 000 000 MAD,"Boubana, Tanger",Villa,"4 bedrooms
5 bathrooms
500 m²"
terrain B3s sur quartier oasis,8 860 000 MAD,"Oasis, Casablanca",Terrain,496 m²
MAGNIFIQUE VILLA EN VENTE -CALIFORNIE -,18 000 000 MAD,"Californie, Casablanca",Villa,"5 bedrooms
3 bathrooms
1 143 m²"
"Terrain pour villa, Longchamps.",10 500 000 MAD,"CIL, Casablanca",Terrain,579 m²
Oct. 2024 - Superbe terrain Anfa Supérieur,34 000 000 MAD,"Anfa Supérieur, Casablanca",Terrain,1 705 m²
Bel appartement à vendre très ensoleillé avec 3 façades,1 400 000 MAD,"Indéfini, Rabat",Appartement,"3 bedrooms
2 bathrooms
74 m²"
Etage maison et garçonnière à vendre,330 000 MAD,"Plage, Essaouira",Appartement,"3 bedrooms
2 bathrooms
87 m²"
Terrain pour Villa 1676m² à Polo à vendre,14 000 000 MAD,"Polo, Casablanca",Terrain,1 676 m²
Villa à vendre sur Terrain Divisible,28 000 000 MAD,"Harhoura, Temara",Villa,"5 bedrooms
4 bathrooms
3 200 m²"
Villa à vendre à Bella Vista Malabata,7 700 000 MAD,"Malabata, Tanger",Villa,"5 bedrooms
3 bathrooms
510 m²"
Terrain À Vendre Quartier Sidi Maarouf,24 800 000 MAD,"Sidi Maarouf, Casablanca",Terrain,875 m²
Bel appartement neuf en vente a Hay Riad,4 500 000 MAD,"Hay Riad, Rabat",Appartement,"6 bedrooms
2 bathrooms
220 m²"
Lot de terrain à saisir,1 900 000 MAD,"Bouznika Bay, Bouznika",Terrain,475 m²
Villa à vendre à Boubana Tanger,3 500 000 MAD,"Boubana, Tanger",Villa,"4 bedrooms
3 bathrooms
300 m²"
Terrain 10350 m² à vendre route d ourika Marrakech,1 400 000 MAD,"Route d'Ourika, Marrakech",Terrain,10 350 m²
TERRAIN AVENDRE E2 QUARTIER ANSARI DAR BOUAZA,34 000 000 MAD,"Dar Bouazza, Casablanca",Terrain,17 000 m²
A vendre Terrain 375m² Villa AIN DIAB,5 600 000 MAD,"Ain Diab, Casablanca",Terrain,375 m²
Magnifique terrain en vente R+3,9 240 000 MAD,"Tantonville, Casablanca",Terrain,637 m²
TERRAIN AV R+4 QUARTIER PALMIE,7 854 000 MAD,"Palmier, Casablanca",Terrain,357 m²
A vendre 5800m² BT2S MER DAR BOUAZZA,21 000 000 MAD,"Dar Bouazza, Casablanca",Terrain,5 800 m²
Vente terrain région d'Essaouira,1 610 000 MAD,"Route de Marrakech, Essaouira",Terrain,23 000 m²
A vendre Terrain 508M² COMMERCIAL AIN DIAB,7 700 000 MAD,"Ain Diab, Casablanca",Terrain,508 m²
Villa à vendre à Nouinouich,3 400 000 MAD,"Malabata, Tanger",Villa,"4 bedrooms
4 bathrooms
243 m²"
A vendre Terrain 5000M² Californie,29 500 000 MAD,"Californie, Casablanca",Terrain,5 000 m²
TERRAIN AVENDRE SUR BVD LA CORNICHE,26 500 MAD,"Ain Diab, Casablanca",Terrain,745 m²
A vendre Terrain 510M² R+3 bd Oum Rabii,10 000 000 MAD,"Boulevard Oum Rabir, Casablanca",Terrain,510 m²
TERRINE A VENDRE R+3 OASIS,550 000 000 MAD,"Oasis, Casablanca",Terrain,404 m²
بقعة تجارية للبيع عين عودة الرباط,1 100 000 MAD,"Ain Aouda, Rabat",Terrain,94 m²
Terrain commercial a vende titrée Ain Aouda Rabat,1 100 000 MAD,"Ain Aouda, Rabat",Terrain,94 m²
Oct 2024 - Villa sur linéaire commercial L1,10 500 000 MAD,"Ain Diab, Casablanca",Villa,"3 bedrooms
2 bathrooms
404 m²"
A Vendre Villa commerciale d'angle jumelée 477m² au quartier Ain diab,9 850 000 MAD,"Ain Diab, Casablanca",Villa,"3 bedrooms
3 bathrooms
477 m²"
VILLA AVENDRE QUARTIER LOÑgCHAMPS,7 850 000 MAD,"Longchamps, Casablanca",Villa,"4 bedrooms
6 bathrooms
400 m²"
"Vente villa d'angle 704m2 Belle façade – Quartier Polo, Casablanca",6 900 000 MAD,"Polo, Casablanca",Villa,"4 bedrooms
3 bathrooms
704 m²"
A vendre terrain villa bande 250m² sidi maarouf,2 900 000 MAD,"Sidi Maarouf, Casablanca",Terrain,250 m²
TERRAIN B5 QUARTIER 2 MARS,14 000 000 MAD,"Anfa, Casablanca",Terrain,600 m²
TERRAIN ZONE RESIDENTIELLE A2 VUE MER DAR BOUAZA,50 000 000 MAD,"Dar Bouazza, Casablanca",Terrain,50 000 m²
A vendre TERRAIN 1840m² Anfa SUP BD Roosvelt,28 000 000 MAD,"Anfa Supérieur, Casablanca",Villa,"5 bedrooms
6 bathrooms
1 840 m²"
Villa au coeur du cil à reconstruire,10 300 000 MAD,"CIL, Casablanca",Villa,"4 bedrooms
3 bathrooms
453 m²"
"Vente Villa 1850m2 Anfa, Casablanca",34 000 000 MAD,"Anfa, Casablanca",Villa,"3 bedrooms
3 bathrooms
1 850 m²"
Lot de Terrain à vendre176 m² City Sport Marrakech,800 000 MAD,"Route de Casablanca, Marrakech",Terrain,176 m²
TERRAIN ANGLE R+1VUE MER DAR BOUAZA,2 100 000 MAD,"Dar Bouazza, Casablanca",Terrain,400 m²
TERRAIN POUR VILLAS AU CENTRE HARHOURA,28 000 000 MAD,"Harhoura, Temara",Terrain,3 200 m²
Terrain à vendre au Golf Royal Tanger,9 177 000 MAD,"Vieille montagne, Tanger",Terrain,2 185 m²
Bel appartement avec cour à Hassan,2 250 000 MAD,"Hassan, Rabat",Appartement,"4 bedrooms
2 bathrooms
175 m²"
Vente Terrain nu de 7800 m2 à Marrakech,1 500 000 MAD,"Sidi Abdellah Ghiat, Marrakech",Terrain,7 800 m²
Idéal investisseurs,45 700 000 MAD,"Val Fleuri, Casablanca",Terrain,1 267 m²
Terrain Titré 320m² à Vendre Sidi Abbad Marrakech,5 800 000 MAD,"Sidi Abbad, Marrakech",Terrain,320 m²
Terrain à vendre Ain sebaa,20 500 000 MAD,"Ain Sebaa, Casablanca",Terrain,1 863 m²
Terrain titré 2250 m² Route OURIKA Marrakech,1 200 000 MAD,"Route d'Ourika, Marrakech",Terrain,2 250 m²
Vente terrain Casablanca,14 000 000 MAD,"Krimate, Casablanca",Terrain,1 600 m²
A vendre Terrain 1 ha à Labissa,5 600 000 MAD,"Bouskoura, Casablanca",Terrain,10 000 m²
TERRINE A VENDRE AINDYABE,5 800 000 MAD,"Ain Diab, Casablanca",Terrain,380 m²
Bel appartement a Hay Riad,25 000 MAD,"Hay Riad, Rabat",Appartement,"4 bedrooms
2 bathrooms
100 m²"
Très beau terrain Souissi zone premium,10 800 000 MAD,"Souissi, Rabat",Terrain,2 025 m²
Terrain 2 Hectares 6000 m² Kms 14 Route D'Ourika,14 300 000 MAD,"Route d'Ourika, Marrakech",Terrain,26 000 m²
Vente immeuble à Bélvédere,6 000 000 MAD,"Belvédère, Casablanca",Immeuble,"1 bedroom
221 m²"
A vendre terrain angle villa isolée 900 m² Hermitage,7 800 000 MAD,"Hermitage, Casablanca",Terrain,900 m²
Cette très belle maison authentique et ancienne,1 512 000 MAD,"Taroudant, Taroudant",Maison,"4 bedrooms
2 bathrooms
120 m²"
RIAD DE CHARME TITRE REF BEL118,1 274 400 MAD,"Taroudant, Taroudant",Villa,"1 bedroom
85 m²"
BEAU RIAD TITRE REFERENCE ELMOU143,1 404 000 MAD,"Taroudant, Taroudant",Villa,"1 bedroom
120 m²"
BELLE CHAMBRE D’HÔTES A TAROUDANT REF : DUC349,3 445 200 MAD,"Taroudant, Taroudant",Villa,"1 bedroom
500 m²"
"MAISON DE VILLE NEUVE 3 CHAMBRES, JACUZZI REF :LO209",1 836 000 MAD,"Taroudant, Taroudant",Maison,"3 bedrooms
2 bathrooms
210 m²"
GRANDE ET BELLE MAISON TITREE EN MEDINA DE TAROUDANT,1 398 600 MAD,"Taroudant, Taroudant",Maison,"3 bedrooms
3 bathrooms
280 m²"
MAISON TITREE A TAROUDANT,1 728 000 MAD,"Taroudant, Taroudant",Maison,"1 bedroom
260 m²"
Appartement de 120 m² à Bouznika,2 600 000 MAD,"Eden Island, Bouznika",Appartement,"3 bedrooms
120 m²"
Vente Villa 5 pièces de 250 m2 à Marrakech,3 900 000 MAD,"Targa, Marrakech",Villa,"3 bedrooms
2 bathrooms
250 m²"
Villa d’Exception à Akenza – Marrakech,4 500 000 MAD,"Route de Tahanaoute, Marrakech",Villa,"4 bedrooms
3 bathrooms
400 m²"
Vente Villa 8 pièces de 230 m2 à Marrakech,3 100 000 MAD,"Targa, Marrakech",Villa,"4 bedrooms
4 bathrooms
230 m²"
magnifique villa haut de gamme,5 200 000 MAD,"Tamaris, Casablanca",Villa,"4 bedrooms
3 bathrooms
380 m²"
Vente Villa 5 pièces de 212 m2 à Marrakech,1 900 000 MAD,"Route de Casablanca, Marrakech",Villa,"3 bedrooms
2 bathrooms
212 m²"
Vente Villa 9 pièces de 450 m2 à Marrakech,6 700 000 MAD,"Sidi Abdellah Ghiat, Marrakech",Villa,"5 bedrooms
5 bathrooms
450 m²"
Vente Maison moderne de 225 m² dans lotissement,4 150 000 MAD,"Dar Bouazza, Casablanca",Maison,"3 bedrooms
2 bathrooms
225 m²"
Vente Villa de 500 m2 à Casablanca,5 950 000 MAD,"Hermitage, Casablanca",Villa,"Studio
500 m²"
Appartement de 87 m² à Marrakech,1 567 500 MAD,"indéfini, Marrakech",Appartement,"1 bedroom
1 bathroom
87 m²"
Résidence Haut de Gamme à Marrakech - Menara,2 458 500 MAD,"Menara, Marrakech",Appartement,"3 bedrooms
2 bathrooms
149 m²"
Vente Appartement 4 pièces de 169 m2 à Marrakech,2 100 000 MAD,"Guéliz, Marrakech",Appartement,"3 bedrooms
2 bathrooms
169 m²"
Vente Villa 10 pièces de 330 m2 à Marrakech,3 000 000 MAD,"indéfini, Marrakech",Villa,"6 bedrooms
6 bathrooms
330 m²"
MAGNIFIQUE APPT EN VENTE ROMANDIE 2,3 950 000 MAD,"Racine extension, Casablanca",Appartement,"3 bedrooms
3 bathrooms
242 m²"
